﻿pos_x,pos_y,rotation,side,designator,mpn,pack,footprint,value,mount_type
188.817,-52.07,180.0,bottom,D1,,,WS2812,WS2812B,smt
136.817,-65.07,180.0,bottom,D10,,,WS2812,WS2812B,smt
149.817,-65.07,180.0,bottom,D11,,,WS2812,WS2812B,smt
162.817,-65.07,180.0,bottom,D12,,,WS2812,WS2812B,smt
175.817,-65.07,180.0,bottom,D13,,,WS2812,WS2812B,smt
188.817,-65.07,180.0,bottom,D14,,,WS2812,WS2812B,smt
110.817,-78.07,180.0,bottom,D15,,,WS2812,WS2812B,smt
110.817,-91.07,180.0,bottom,D16,,,WS2812,WS2812B,smt
123.817,-78.07,180.0,bottom,D17,,,WS2812,WS2812B,smt
123.817,-91.07,180.0,bottom,D18,,,WS2812,WS2812B,smt
136.817,-78.07,180.0,bottom,D19,,,WS2812,WS2812B,smt
175.817,-52.07,180.0,bottom,D2,,,WS2812,WS2812B,smt
136.817,-91.07,180.0,bottom,D20,,,WS2812,WS2812B,smt
149.817,-78.07,180.0,bottom,D21,,,WS2812,WS2812B,smt
149.817,-91.07,180.0,bottom,D22,,,WS2812,WS2812B,smt
162.817,-78.07,180.0,bottom,D23,,,WS2812,WS2812B,smt
162.817,-91.07,180.0,bottom,D24,,,WS2812,WS2812B,smt
175.817,-78.07,180.0,bottom,D25,,,WS2812,WS2812B,smt
175.817,-91.07,180.0,bottom,D26,,,WS2812,WS2812B,smt
188.817,-78.07,180.0,bottom,D27,,,WS2812,WS2812B,smt
188.817,-91.07,180.0,bottom,D28,,,WS2812,WS2812B,smt
149.817,-52.07,180.0,bottom,D3,,,WS2812,WS2812B,smt
162.817,-52.07,180.0,bottom,D4,,,WS2812,WS2812B,smt
123.817,-52.07,180.0,bottom,D5,,,WS2812,WS2812B,smt
136.817,-52.07,180.0,bottom,D6,,,WS2812,WS2812B,smt
110.817,-52.07,180.0,bottom,D7,,,WS2812,WS2812B,smt
110.817,-65.07,180.0,bottom,D8,,,WS2812,WS2812B,smt
123.817,-65.07,180.0,bottom,D9,,,WS2812,WS2812B,smt
